Workbook

Sheet 00_INSTRUCTIONS
A1: Template de saisie manuelle - Oficina del Peregrino 2019-2024
A3: CONTEXTE
A4: Pourquoi saisie manuelle ? | B4: Le dashboard Oficina (https://oficinadelperegrino.com/estadisticas-2/) est un Power BI embedded depuis 2019. Extraction programmatique non viable sans accord institutionnel. Saisie manuelle = solution pragmatique pour obtenir les données essentielles au calcul du biais SJPP.
A5: Objectif | B5: Reconstituer la ventilation annuelle des arrivées à Saint-Jacques par CAMINO pour 2019-2024. La colonne critique est 'Camino Aragonés' : proxy du flux Voie d'Arles français.
A6: Temps estimé | B6: 30 à 60 minutes selon niveau de détail retenu.
A8: MARCHE À SUIVRE
A9: 1. Ouvrir le dashboard | B9: https://oficinadelperegrino.com/estadisticas-2/
A10: 2. Naviguer dans le temps | B10: Utiliser les filtres/sélecteurs du dashboard Power BI pour se positionner sur une année spécifique (2019, 2020, ... 2024).
A11: 3. Identifier la vue 'Camino' | B11: Le dashboard présente normalement un graphique/tableau ventilant les pèlerins par Camino emprunté.
A12: 4. Reporter les chiffres | B12: Ouvrir la feuille '01_par_camino' et saisir les valeurs dans les cellules JAUNES uniquement.
A13: 5. Optionnel - nationalités | B13: Si le dashboard permet, faire de même avec la feuille '02_par_nationalite'.
A14: 6. Totaux annuels | B14: La feuille calcule automatiquement les totaux et les compare aux chiffres AFCC connus (colonne de contrôle).
A16: CONVENTIONS DE SAISIE
A17: Cellules JAUNES | B17: À remplir. Saisie numérique uniquement, sans espace ni séparateur de milliers (ex: 438307, PAS '438 307' ni '438,307').
A18: Cellules GRISES | B18: Calculs automatiques. Ne pas modifier.
A19: Valeur manquante | B19: Laisser vide plutôt que mettre 0 (sinon les totaux seront faussés).
A20: Valeur estimée | B20: Si tu dois estimer un chiffre (par exemple parce que le dashboard montre un graphique sans étiquettes), indique-le en ajoutant ~ devant (ex: ~1500).
A22: CONTRÔLE QUALITÉ
A23: Totaux AFCC connus | B23: La colonne 'Contrôle AFCC' affiche les totaux annuels publiés par l'Agence française. Si ta somme s'en écarte de plus de 1%, revérifie ta saisie.
A24: Ratios attendus | B24: Camino Francés représente historiquement 50-57% des arrivées. Camino Aragonés 0.5-1.5%. Si tu obtiens des ordres de grandeur très différents, alerte sur la source consultée.
A26: APRÈS SAISIE
A27: Intégration au projet | B27: Une fois complété, ce fichier pourra être joint au dataset consolidé comme nouvel onglet '08_oficina_manual'.
A28: Documentation source | B28: Note la date de consultation du dashboard dans la colonne 'date_consultation' pour traçabilité.
A29: Sauvegarde brute | B29: Si possible, fais une capture d'écran du dashboard au moment de la saisie et archive-la à côté du fichier.

Sheet 01_par_camino
A1: Camino | B1: 2019 | C1: 2020 | D1: 2021 | E1: 2022 | F1: 2023 | G1: 2024 | H1: Total 2019-2024 | I1: Part moyenne (%) | J1: Remarques
A2: Camino Francés | H2: =SUM(B2:G2) | I2: =IFERROR(H2/SUM($H$2:$H$16),0)
A3: Camino Portugués | H3: =SUM(B3:G3) | I3: =IFERROR(H3/SUM($H$2:$H$16),0)
A4: Camino Portugués de la Costa | H4: =SUM(B4:G4) | I4: =IFERROR(H4/SUM($H$2:$H$16),0)
A5: Camino del Norte | H5: =SUM(B5:G5) | I5: =IFERROR(H5/SUM($H$2:$H$16),0)
A6: Camino Primitivo | H6: =SUM(B6:G6) | I6: =IFERROR(H6/SUM($H$2:$H$16),0)
A7: Camino Inglés | H7: =SUM(B7:G7) | I7: =IFERROR(H7/SUM($H$2:$H$16),0)
A8: Vía de la Plata | H8: =SUM(B8:G8) | I8: =IFERROR(H8/SUM($H$2:$H$16),0)
A9: Camino de Invierno | H9: =SUM(B9:G9) | I9: =IFERROR(H9/SUM($H$2:$H$16),0)
A10: Camino Aragonés | H10: =SUM(B10:G10) | I10: =IFERROR(H10/SUM($H$2:$H$16),0)
A11: Muxía-Finisterre | H11: =SUM(B11:G11) | I11: =IFERROR(H11/SUM($H$2:$H$16),0)
A12: Epílogo Finisterre | H12: =SUM(B12:G12) | I12: =IFERROR(H12/SUM($H$2:$H$16),0)
A13: Camino del Sureste | H13: =SUM(B13:G13) | I13: =IFERROR(H13/SUM($H$2:$H$16),0)
... A16: Otros caminos | H16: =SUM(B16:G16) | I16: =IFERROR(H16/SUM($H$2:$H$16),0)
A17: TOTAL annuel saisi | B17: =SUM(B2:B16) | C17: =SUM(C2:C16) | D17: =SUM(D2:D16) | E17: =SUM(E2:E16) | F17: =SUM(F2:F16) | G17: =SUM(G2:G16) | H17: =SUM(B17:G17)
A18: Contrôle AFCC (référence) | B18: 347578 | C18: 54144 | D18: 178912 | E18: 438307 | F18: 445397 | G18: n.d.
A19: Écart saisie vs AFCC | B19: =IFERROR(B17-B18, "") | C19: =IFERROR(C17-C18, "") | D19: =IFERROR(D17-D18, "") | E19: =IFERROR(E17-E18, "") | F19: =IFERROR(F17-F18, "") | G19: =IFERROR(G17-G18, "")
A21: Date consultation dashboard : | C21: (format YYYY-MM-DD)

Sheet 02_par_nationalite
A1: Nationalité | B1: 2019 | C1: 2020 | D1: 2021 | E1: 2022 | F1: 2023 | G1: 2024 | H1: Total | I1: Remarques
A2: Espagnole | H2: =SUM(B2:G2)
A3: Italienne | H3: =SUM(B3:G3)
A4: Allemande | H4: =SUM(B4:G4)
A5: Américaine (USA) | H5: =SUM(B5:G5)
A6: Portugaise | H6: =SUM(B6:G6)
A7: Française | H7: =SUM(B7:G7)
A8: Anglaise (Royaume-Uni) | H8: =SUM(B8:G8)
A9: Irlandaise | H9: =SUM(B9:G9)
A10: Mexicaine | H10: =SUM(B10:G10)
A11: Coréenne (Corée du Sud) | H11: =SUM(B11:G11)
A12: Brésilienne | H12: =SUM(B12:G12)
A13: Australienne | H13: =SUM(B13:G13)
... A18: Autres | H18: =SUM(B18:G18)
A19: TOTAL | B19: =SUM(B2:B18) | C19: =SUM(C2:C18) | D19: =SUM(D2:D18) | E19: =SUM(E2:E18) | F19: =SUM(F2:F18) | G19: =SUM(G2:G18)

Sheet 03_biais_sjpp
A1: Calcul du biais SJPP - Méthodologie empirique
A3: PRINCIPE
A4: Le point de comptage SJPP ne capte PAS les pèlerins partant via la Voie d'Arles + Col du Somport (Camino Aragonés).
A5: On estime empiriquement le taux d'invisibilité de SJPP en calculant : Aragonés / (Aragonés + Francés)
A7: INTERPRÉTATION
A8: Ce ratio indique la part de pèlerins 'français' (au sens large) qui échappent au comptage SJPP.
A9: Il n'est pas strictement égal au 'biais' réel car : (1) tous les pèlerins Aragonés ne viennent pas de France, (2) tous les pèlerins Francés ne passent pas par SJPP.
A10: C'est néanmoins un proxy beaucoup plus solide que l'estimation grossière initiale de 12%.
A12: Année | B12: Camino Aragonés | C12: Camino Francés | D12: Total Aragonés + Francés | E12: Ratio Aragonés (%) | F12: Biais SJPP estimé
A13: 2019 | B13: =IFERROR('01_par_camino'!B10,0) | C13: =IFERROR('01_par_camino'!B2,0) | D13: =B13+C13 | E13: =IFERROR(B13/D13,0) | F13: =IFERROR(B13/D13,0)
A14: 2020 | B14: =IFERROR('01_par_camino'!C10,0) | C14: =IFERROR('01_par_camino'!C2,0) | D14: =B14+C14 | E14: =IFERROR(B14/D14,0) | F14: =IFERROR(B14/D14,0)
A15: 2021 | B15: =IFERROR('01_par_camino'!D10,0) | C15: =IFERROR('01_par_camino'!D2,0) | D15: =B15+C15 | E15: =IFERROR(B15/D15,0) | F15: =IFERROR(B15/D15,0)
A16: 2022 | B16: =IFERROR('01_par_camino'!E10,0) | C16: =IFERROR('01_par_camino'!E2,0) | D16: =B16+C16 | E16: =IFERROR(B16/D16,0) | F16: =IFERROR(B16/D16,0)
A17: 2023 | B17: =IFERROR('01_par_camino'!F10,0) | C17: =IFERROR('01_par_camino'!F2,0) | D17: =B17+C17 | E17: =IFERROR(B17/D17,0) | F17: =IFERROR(B17/D17,0)
A18: 2024 | B18: =IFERROR('01_par_camino'!G10,0) | C18: =IFERROR('01_par_camino'!G2,0) | D18: =B18+C18 | E18: =IFERROR(B18/D18,0) | F18: =IFERROR(B18/D18,0)
A20: MOYENNE 2019-2024 | E20: =AVERAGE(E13:E18)
A23: Rappel estimation initiale : 12% (non sourcée, à remplacer par la moyenne empirique ci-dessus)
